<?xml version="1.0" encoding="UTF-8"?>
<configuration status="WARN">
    <appenders>
        <File name="Search" fileName="logs/search.log">
            <PatternLayout pattern="%d{yyyy-MM-dd HH:mm:ss.SSS} [%t] %-5level %logger{36} - %msg%n"/>
            <Filters>
                <MarkerFilter marker="SEARCH_FILE"/>
            </Filters>
        </File>

        <File name="Errors" fileName="logs/input_errors.log">
            <PatternLayout pattern="%d{yyyy-MM-dd HH:mm:ss.SSS} [%t] %-5level %logger{36} - %msg%n"/>
            <MarkerFilter marker="ERRORS_FILE"/>
        </File>

        <File name="Exceptions" fileName="logs/exceptions.log">
            <PatternLayout pattern="%d{yyyy-MM-dd HH:mm:ss.SSS} [%t] %-5level %logger{36} - %msg%n"/>
            <Filters>
                <ThresholdFilter level="fatal" onMatch="DENY" onMismatch="NEUTRAL"/>
            </Filters>
        </File>
    </appenders>

    <loggers>
        <root level="debug">
            <appender-ref ref="Search" level="info"/>
            <appender-ref ref="Errors" level="info"/>
            <appender-ref ref="Exceptions" level="error"/>
        </root>
    </loggers>
</configuration>