{"station":{"":["Бульвар Рокоссовского","Черкизовская","Преображенская площадь","Сокольники","Красносельская","Комсомольская","Красные ворота","Чистые пруды","Лубянка","Охотный ряд","Библиотека имени Ленина","Кропоткинская","Парк Культуры","Фрунзенская","Спортивная","Воробьевы горы","Университет","Проспект Вернадского","Юго-Западная","Тропарёво","Румянцево","Саларьево","Филатов Луг","Прокшино","Ольховая","Коммунарка","Ховрино","Беломорская","Речной вокзал","Водный стадион","Войковская","Сокол","Аэропорт","Динамо","Белорусская","Маяковская","Тверская","Театральная","Новокузнецкая","Павелецкая","Автозаводская","Технопарк","Коломенская","Каширская","Кантемировская","Царицыно","Орехово","Домодедовская","Красногвардейская","Алма-Атинская","Пятницкое шоссе","Митино","Волоколамская","Мякинино","Строгино","Крылатское","Молодежная","Кунцевская","Славянский бульвар","Парк Победы","Киевская","Смоленская","Арбатская","Площадь Революции","Курская","Бауманская","Электрозаводская","Семеновская","Партизанская","Измайловская","Первомайская","Щелковская","Александровский сад","Арбатская","Смоленская","Киевская","Студенческая","Кутузовская","Фили","Багратионовская","Филевский парк","Пионерская","Кунцевская","Выставочная","Международная","Киевская","Парк Культуры","Октябрьская","Добрынинская","Павелецкая","Таганская","Курская","Комсомольская","Проспект Мира","Новослободская","Белорусская","Краснопресненская","Новоясеневская","Ясенево","Теплый стан","Коньково","Беляево","Калужская","Новые Черёмушки","Профсоюзная","Академическая","Ленинский проспект","Шаболовская","Октябрьская","Третьяковская","Китай-город","Тургеневская","Сухаревская","Проспект Мира","Рижская","Алексеевская","ВДНХ","Ботанический сад","Свиблово","Бабушкинская","Медведково","Котельники","Жулебино","Лермонтовский проспект","Выхино","Рязанский проспект","Кузьминки","Текстильщики","Волгоградский проспект","Пролетарская","Таганская","Китай-город","Кузнецкий мост","Пушкинская","Баррикадная","Улица 1905 года","Беговая","Полежаевская","Октябрьское Поле","Щукинская","Спартак","Тушинская","Сходненская","Планерная","Новокосино","Новогиреево","Перово","Шоссе Энтузиастов","Авиамоторная","Площадь Ильича","Марксистская","Третьяковская","Деловой центр","Парк Победы","Минская","Ломоносовский проспект","Раменки","Мичуринский проспект","Озёрная","Говорово","Солнцево","Боровское шоссе","Новопеределкино","Рассказовка","Бульвар Дмитрия Донского","Аннино","Улица академика Янгеля","Пражская","Южная","Чертановская","Севастопольская","Нахимовский Проспект","Нагорная","Нагатинская","Тульская","Серпуховская","Полянка","Боровицкая","Чеховская","Цветной бульвар","Менделеевская","Савеловская","Дмитровская","Тимирязевская","Петровско-Разумовская","Владыкино","Отрадное","Бибирево","Алтуфьево","Зябликово","Шипиловская","Борисово","Марьино","Братиславская","Люблино","Волжская","Печатники","Кожуховская","Дубровка","Крестьянская застава","Римская","Чкаловская","Сретенский бульвар","Трубная","Достоевская","Марьина роща","Бутырская","Фонвизинская","Петровско-Разумовская","Окружная","Верхние Лихоборы","Селигерская","Савёловская","Петровский парк","ЦСКА","Хорошёвская","Шелепиха","Деловой центр","Каховская","Варшавская","Каширская","Битцевский парк","Лесопарковая","Улица Старокачаловская","Улица Скобелевская","Бульвар адмирала Ушакова","Улица Горчакова","Бунинская Аллея","Окружная","Владыкино","Ботанический Сад","Ростокино","Белокаменная","Бульвар Рокоссовского","Локомотив","Измайлово","Соколиная Гора","Шоссе Энтузиастов","Андроновка","Нижегородская","Новохохловская","Угрешская","Дубровка","Автозаводская","ЗИЛ","Верхние Котлы","Крымская","Площадь Гагарина","Лужники","Кутузовская","Деловой центр","Шелепиха","Хорошёво","Зорге","Панфиловская","Стрешнево","Балтийская","Коптево","Лихоборы","Электрозаводская","Лефортово","Авиамоторная","Нижегородская","Стахановская","Окская","Юго-Восточная","Косино","Улица Дмитриевского","Лухмановская","Некрасовка","Одинцово","Баковка","Сколково","Немчиновка","Сетунь","Рабочий Посёлок","Кунцево","Славянский бульвар","Фили","Тестовская","Беговая","Белорусская","Савёловская","Тимирязевская","Окружная","Дегунино","Бескудниково","Лианозово","Марк","Новодачная","Долгопрудная","Водники","Хлебниково","Шереметьевская","Лобня","Нахабино","Аникеевка","Опалиха","Красногорская","Павшино","Пенягино","Волоколамская","Трикотажная","Тушино","Щукинская","Стрешнево","Красный Балтиец","Гражданская","Дмитровская","Рижская","Каланчёвская","Курская","Москва Товарная","Калитники","Новохохловская","Текстильщики","Кубанская","Депо","Перерва","Курьяново","Москворечье","Царицыно","Покровская","Красный Строитель","Битца","Бутово","Щербинка","Остафьево","Силикатная","Подольск"]},"lines":[{"number":"1","name":"Сокольническая линия"},{"number":"2","name":"Замоскворецкая линия"},{"number":"3","name":"Арбатско-Покровская линия"},{"number":"4","name":"Филевская линия"},{"number":"5","name":"Кольцевая линия"},{"number":"6","name":"Калужско-Рижская линия"},{"number":"7","name":"Таганско-Краснопресненская линия"},{"number":"8","name":"Калининско-Солнцевская линия"},{"number":"9","name":"Серпуховско-Тимирязевская линия"},{"number":"10","name":"Люблинско-Дмитровская линия"},{"number":"11","name":"Большая Кольцевая Линия"},{"number":"11A","name":"Каховская линия"},{"number":"12","name":"Бутовская линия"},{"number":"14","name":"Центральное Кольцо"},{"number":"15","name":"Некрасовская линия"},{"number":"D1","name":"МЦД-1"},{"number":"D2","name":"МЦД-2"}]}